f1,precision,recall,occluded_keep,stale_clear_absence,external_stale_absence,clear_missing,survival,deletion_events,stale_duration,cert_precision,cert_recall,id_switches,reappear_error,family,motion,motion_model,policy,seed
0.9561448066658212,0.9587927680293777,0.9543716104163865,0.8779645191409897,0.21060708898944194,0.0,0.00040899795501022495,1.0,4.666666666666667,53.0,0.8190565469093607,0.9936072206660441,0.0,0.0,F_hidden_motion,static,correct,certificate,0
0.9662168292159353,0.9605932428193745,0.9720400399610406,0.9193719805886404,0.21487324577371103,0.0,0.0011305184160281812,1.0,4.333333333333333,51.666666666666664,0.7821707562072483,0.9912951870572954,0.0,0.0,F_hidden_motion,static,correct,certificate,1
0.9597272850450914,0.9787751369028118,0.942363764334606,0.8504646611169243,0.11785983978370272,0.0,0.0003699593044765076,1.0,3.6666666666666665,26.333333333333332,0.8590115867823226,0.9953517303305351,0.0,0.0,F_hidden_motion,static,correct,certificate,2
0.9262565802731014,0.9118166525635614,0.9414074148775642,0.8430750077808901,0.4891628959276018,0.0,0.00040899795501022495,1.0,6.333333333333333,116.66666666666667,0.8190565469093607,0.9936072206660441,0.0,0.0,F_hidden_motion,static,correct,long_memory,0
0.9389121094266949,0.9134518979627769,0.966533369909993,0.9037820479920637,0.4845740192478675,0.0,0.0011305184160281812,1.0,5.333333333333333,119.0,0.7821707562072483,0.9912951870572954,0.0,0.0,F_hidden_motion,static,correct,long_memory,1
0.9297454456521844,0.9281340993357508,0.934561788958352,0.8291521318322905,0.344021460745951,0.0,0.0003699593044765076,1.0,6.0,93.66666666666667,0.8590115867823226,0.9953517303305351,0.0,0.0,F_hidden_motion,static,correct,long_memory,2
0.9561448066658212,0.9587927680293777,0.9543716104163865,0.8779645191409897,0.21060708898944194,0.0,0.00040899795501022495,1.0,4.666666666666667,53.0,0.8190565469093607,0.9936072206660441,0.0,0.0,F_hidden_motion,static,correct,cert_hazard,0
0.9662168292159353,0.9605932428193745,0.9720400399610406,0.9193719805886404,0.21487324577371103,0.0,0.0011305184160281812,1.0,4.333333333333333,51.666666666666664,0.7821707562072483,0.9912951870572954,0.0,0.0,F_hidden_motion,static,correct,cert_hazard,1
0.9597272850450914,0.9787751369028118,0.942363764334606,0.8504646611169243,0.11785983978370272,0.0,0.0003699593044765076,1.0,3.6666666666666665,26.333333333333332,0.8590115867823226,0.9953517303305351,0.0,0.0,F_hidden_motion,static,correct,cert_hazard,2
0.9725028048174673,0.9819518184709266,0.9634343525932834,0.8977217440376513,0.08976184401021003,0.0,0.0007897022822395957,1.0,4.0,22.666666666666668,0.7927635646971116,0.9904075486333671,0.0,2.796117247204098e-16,F_hidden_motion,static,wrong,certificate,0
0.9705122777849783,0.9795920212107433,0.9616003968841853,0.8866870513497281,0.13157484546062373,0.0,0.0,1.0,4.0,26.666666666666668,0.8421646651473695,0.9962048208723594,0.0,7.486817084953341e-16,F_hidden_motion,static,wrong,certificate,1
0.9799696028687354,0.988223161744361,0.9718736708192868,0.9194330014413695,0.09117346362571849,0.0,0.0014722628688008381,1.0,4.666666666666667,15.666666666666666,0.8481176517480989,0.9943335974716728,0.0,3.967651252539349e-16,F_hidden_motion,static,wrong,certificate,2
0.9414527213906544,0.9287269058651542,0.9551528108053334,0.8733614766503125,0.3761174806926441,0.0,0.0007897022822395957,1.0,6.0,94.33333333333333,0.7927635646971116,0.9904075486333671,0.0,2.796117247204098e-16,F_hidden_motion,static,wrong,long_memory,0
0.9439513520374545,0.9316517101671399,0.9568072028420959,0.8739000841847345,0.4310141146647306,0.0,0.0003972983710766786,0.9861111111111112,5.666666666666667,93.0,0.8421646651473695,0.9962048208723594,0.0,7.486817084953341e-16,F_hidden_motion,static,wrong,long_memory,1
0.9414007653771855,0.91829989681454,0.9662616160805307,0.90284659113111,0.6341116500333854,0.0,0.0014722628688008381,1.0,4.666666666666667,116.66666666666667,0.8481176517480989,0.9943335974716728,0.0,3.967651252539349e-16,F_hidden_motion,static,wrong,long_memory,2
0.9725028048174673,0.9819518184709266,0.9634343525932834,0.8977217440376513,0.08976184401021003,0.0,0.0007897022822395957,1.0,4.0,22.666666666666668,0.7927635646971116,0.9904075486333671,0.0,2.796117247204098e-16,F_hidden_motion,static,wrong,cert_hazard,0
0.9705122777849783,0.9795920212107433,0.9616003968841853,0.8866870513497281,0.13157484546062373,0.0,0.0,1.0,4.0,26.666666666666668,0.8421646651473695,0.9962048208723594,0.0,7.486817084953341e-16,F_hidden_motion,static,wrong,cert_hazard,1
0.9799696028687354,0.988223161744361,0.9718736708192868,0.9194330014413695,0.09117346362571849,0.0,0.0014722628688008381,1.0,4.666666666666667,15.666666666666666,0.8481176517480989,0.9943335974716728,0.0,3.967651252539349e-16,F_hidden_motion,static,wrong,cert_hazard,2
0.9626320316062152,0.977166731639429,0.9487250313225756,0.8577485022341862,0.1438489021534464,0.0,0.0011444944657532504,1.0,4.333333333333333,29.0,0.831853637758277,0.992138856914396,0.0,0.0,F_hidden_motion,drift,correct,certificate,0
0.9397202584137556,0.9590369967879339,0.9214705077857883,0.7907664885981639,0.1365612648221344,0.0,0.0014430921407665592,1.0,5.0,44.0,0.7919396527529529,0.9965080558575585,0.0,0.0,F_hidden_motion,drift,correct,certificate,1
0.9679827224358647,0.9748024912429809,0.9618220643956117,0.8873871383374801,0.118991193991194,0.0,0.0003450655624568668,1.0,3.6666666666666665,31.0,0.8176702000244318,0.993926446124672,0.0,0.0,F_hidden_motion,drift,correct,certificate,2
0.9306985526077663,0.9198868471682706,0.9418188067440459,0.8392450897753125,0.5897388199540737,0.0,0.0011444944657532504,1.0,5.0,109.33333333333333,0.831853637758277,0.992138856914396,0.0,0.0,F_hidden_motion,drift,correct,long_memory,0
0.9015296165761963,0.8930078055441603,0.9118447531406911,0.7646518127126152,0.4966073781291172,0.0,0.0014430921407665592,1.0,6.666666666666667,129.66666666666666,0.7919396527529529,0.9965080558575585,0.0,0.0,F_hidden_motion,drift,correct,long_memory,1
0.939532902831751,0.927303573602873,0.9530022755413796,0.8628546301370749,0.5659090909090909,0.0,0.0006901311249137336,0.9824561403508771,5.666666666666667,97.66666666666667,0.8176702000244318,0.993926446124672,0.0,0.0,F_hidden_motion,drift,correct,long_memory,2
0.9626320316062152,0.977166731639429,0.9487250313225756,0.8577485022341862,0.1438489021534464,0.0,0.0011444944657532504,1.0,4.333333333333333,29.0,0.831853637758277,0.992138856914396,0.0,0.0,F_hidden_motion,drift,correct,cert_hazard,0
0.9397202584137556,0.9590369967879339,0.9214705077857883,0.7907664885981639,0.1365612648221344,0.0,0.0014430921407665592,1.0,5.0,44.0,0.7919396527529529,0.9965080558575585,0.0,0.0,F_hidden_motion,drift,correct,cert_hazard,1
0.9679827224358647,0.9748024912429809,0.9618220643956117,0.8873871383374801,0.118991193991194,0.0,0.0003450655624568668,1.0,3.6666666666666665,31.0,0.8176702000244318,0.993926446124672,0.0,0.0,F_hidden_motion,drift,correct,cert_hazard,2
0.9625428042862366,0.9841735002104154,0.9428585817872507,0.8538462375212306,0.1525964586710172,0.0,0.0012154953799516134,1.0,3.6666666666666665,21.0,0.8628875787162569,0.9953561466144288,0.0,0.30985387252707913,F_hidden_motion,drift,wrong,certificate,0
0.9607388956538441,0.9709796927477748,0.9509422750866947,0.8603963324460219,0.1520037628539003,0.0,0.0004192872117400419,1.0,5.0,36.666666666666664,0.8064741909049945,0.9927043281080548,0.0,0.3229667474725708,F_hidden_motion,drift,wrong,certificate,1
0.9618628375103547,0.9775824161833967,0.946981368803407,0.8547745521500195,0.14545027596754886,0.0,0.00038580246913580245,1.0,4.666666666666667,26.333333333333332,0.8357614878804993,0.9929453354213115,0.0,0.30793721477948804,F_hidden_motion,drift,wrong,certificate,2
0.9424726339870716,0.9502454911527242,0.9359882710611811,0.8359438909879074,0.4525703420164549,0.0,0.0012154953799516134,1.0,4.333333333333333,67.0,0.8628875787162569,0.9953561466144288,0.0,0.30985387252707913,F_hidden_motion,drift,wrong,long_memory,0
0.9203880899822522,0.8970968698096787,0.9449573159363397,0.8437345952873904,0.5820782096333471,0.0,0.0004192872117400419,1.0,6.0,139.66666666666666,0.8064741909049945,0.9927043281080548,0.0,0.3229667474725708,F_hidden_motion,drift,wrong,long_memory,1
0.9183442817217186,0.9053491795332683,0.9318462212476346,0.8137070247282768,0.6264689638101993,0.0,0.0007430729228692787,0.9824561403508771,8.0,121.66666666666667,0.8357614878804993,0.9929453354213115,0.0,0.30793721477948804,F_hidden_motion,drift,wrong,long_memory,2
0.9625428042862366,0.9841735002104154,0.9428585817872507,0.8538462375212306,0.1525964586710172,0.0,0.0012154953799516134,1.0,3.6666666666666665,21.0,0.8628875787162569,0.9953561466144288,0.0,0.30985387252707913,F_hidden_motion,drift,wrong,cert_hazard,0
0.9607388956538441,0.9709796927477748,0.9509422750866947,0.8603963324460219,0.1520037628539003,0.0,0.0004192872117400419,1.0,5.0,36.666666666666664,0.8064741909049945,0.9927043281080548,0.0,0.3229667474725708,F_hidden_motion,drift,wrong,cert_hazard,1
0.9618628375103547,0.9775824161833967,0.946981368803407,0.8547745521500195,0.14545027596754886,0.0,0.00038580246913580245,1.0,4.666666666666667,26.333333333333332,0.8357614878804993,0.9929453354213115,0.0,0.30793721477948804,F_hidden_motion,drift,wrong,cert_hazard,2
0.9598478768648316,0.9789886344322265,0.9416249635682302,0.8427623815422626,0.1446472033204666,0.0,0.0015744121903712726,1.0,3.6666666666666665,27.666666666666668,0.8312312332755263,0.990553547845494,0.0,0.0,F_hidden_motion,robot_contact,correct,certificate,0
0.9582364508853419,0.962295651415671,0.9542407417071882,0.8794705199981966,0.28065132359250006,0.0,0.0019052524933388252,1.0,4.666666666666667,50.666666666666664,0.8464461073330706,0.9920079844257744,0.0,0.0,F_hidden_motion,robot_contact,correct,certificate,1
0.9669653324917299,0.9785043571593176,0.955832798600535,0.8731114720477522,0.12802568899878283,0.0,0.0004120313143798928,1.0,4.333333333333333,27.666666666666668,0.8098562139651478,0.994801439395057,0.0,0.0,F_hidden_motion,robot_contact,correct,certificate,2
0.9305862633350724,0.9284581993505209,0.9327525970864191,0.8190130939096427,0.5068618271929858,0.0,0.0015744121903712726,1.0,6.666666666666667,97.0,0.8312312332755263,0.990553547845494,0.0,0.0,F_hidden_motion,robot_contact,correct,long_memory,0
0.9379473885729913,0.9343577117429144,0.941593751363006,0.844360729788102,0.5051873722461958,0.0,0.0019052524933388252,1.0,6.666666666666667,90.0,0.8464461073330706,0.9920079844257744,0.0,0.0,F_hidden_motion,robot_contact,correct,long_memory,1
0.9297575947883203,0.9120757439697521,0.9483436738917502,0.8518454189733752,0.4816685999231991,0.0,0.0004120313143798928,1.0,6.333333333333333,118.33333333333333,0.8098562139651478,0.994801439395057,0.0,0.0,F_hidden_motion,robot_contact,correct,long_memory,2
0.9598478768648316,0.9789886344322265,0.9416249635682302,0.8427623815422626,0.1446472033204666,0.0,0.0015744121903712726,1.0,3.6666666666666665,27.666666666666668,0.8312312332755263,0.990553547845494,0.0,0.0,F_hidden_motion,robot_contact,correct,cert_hazard,0
0.9582364508853419,0.962295651415671,0.9542407417071882,0.8794705199981966,0.28065132359250006,0.0,0.0019052524933388252,1.0,4.666666666666667,50.666666666666664,0.8464461073330706,0.9920079844257744,0.0,0.0,F_hidden_motion,robot_contact,correct,cert_hazard,1
0.9669653324917299,0.9785043571593176,0.955832798600535,0.8731114720477522,0.12802568899878283,0.0,0.0004120313143798928,1.0,4.333333333333333,27.666666666666668,0.8098562139651478,0.994801439395057,0.0,0.0,F_hidden_motion,robot_contact,correct,cert_hazard,2
0.9558605115374282,0.9548716242167427,0.9571017709459761,0.8781026818156757,0.2640110511227471,0.0,0.0,1.0,3.6666666666666665,58.333333333333336,0.7957724334199986,0.9923083862496179,0.0,0.4668359632629076,F_hidden_motion,robot_contact,wrong,certificate,0
0.9487689646718801,0.9556617308171144,0.9423831376956376,0.8417601796121246,0.23967660953962322,0.0,0.0011301809752721369,1.0,5.333333333333333,56.0,0.7938073679081614,0.992744271455862,0.0,0.576785871046214,F_hidden_motion,robot_contact,wrong,certificate,1
0.9657608743995137,0.976201854221718,0.9557760970253654,0.8675496129033268,0.21635814011468466,0.0,0.0010269046876064836,1.0,2.3333333333333335,32.666666666666664,0.8459222130030876,0.9884560356801071,0.0,0.5721573979640796,F_hidden_motion,robot_contact,wrong,certificate,2
0.9373414016458216,0.9214055525040349,0.9549917211521569,0.8719142747837824,0.5280845022020854,0.0,0.0,1.0,4.0,106.66666666666667,0.7957724334199986,0.9923083862496179,0.0,0.4668359632629076,F_hidden_motion,robot_contact,wrong,long_memory,0
0.9242265927152825,0.9163682904860825,0.9324989246864247,0.8140879651689522,0.44991005949910057,0.0,0.0011301809752721369,1.0,6.666666666666667,108.66666666666667,0.7938073679081614,0.992744271455862,0.0,0.576785871046214,F_hidden_motion,robot_contact,wrong,long_memory,1
0.9528081262423681,0.9529015912030417,0.95287596307299,0.858930333399596,0.46729462727499377,0.0,0.0010269046876064836,1.0,3.6666666666666665,65.66666666666667,0.8459222130030876,0.9884560356801071,0.0,0.5721573979640796,F_hidden_motion,robot_contact,wrong,long_memory,2
0.9558605115374282,0.9548716242167427,0.9571017709459761,0.8781026818156757,0.2640110511227471,0.0,0.0,1.0,3.6666666666666665,58.333333333333336,0.7957724334199986,0.9923083862496179,0.0,0.4668359632629076,F_hidden_motion,robot_contact,wrong,cert_hazard,0
0.9487689646718801,0.9556617308171144,0.9423831376956376,0.8417601796121246,0.23967660953962322,0.0,0.0011301809752721369,1.0,5.333333333333333,56.0,0.7938073679081614,0.992744271455862,0.0,0.576785871046214,F_hidden_motion,robot_contact,wrong,cert_hazard,1
0.9657608743995137,0.976201854221718,0.9557760970253654,0.8675496129033268,0.21635814011468466,0.0,0.0010269046876064836,1.0,2.3333333333333335,32.666666666666664,0.8459222130030876,0.9884560356801071,0.0,0.5721573979640796,F_hidden_motion,robot_contact,wrong,cert_hazard,2
0.9608766162564729,0.9775099513321653,0.9451615294476658,0.8398026364108871,0.13984777381516977,0.0,0.00039541320680110717,1.0,3.3333333333333335,29.0,0.8357829433480323,0.9961508852963817,0.0,0.0,F_hidden_motion,external,correct,certificate,0
0.9784467279679427,0.9826034811407153,0.9744143040731229,0.9270556507017854,0.10422340104442508,0.0,0.0,1.0,4.666666666666667,22.333333333333332,0.8244954269867963,0.9934275281009469,0.0,0.0,F_hidden_motion,external,correct,certificate,1
0.9775724566598748,0.9795859244197943,0.9756346820808594,0.93013206123227,0.24827908716797606,0.0,0.0,1.0,3.0,28.333333333333332,0.871289693879711,0.9905592953594119,0.0,0.0,F_hidden_motion,external,correct,certificate,2
0.9327224636702539,0.9335769239171604,0.9323134197887719,0.8051300831946578,0.5021890030689579,0.0,0.00039541320680110717,1.0,6.666666666666667,89.66666666666667,0.8357829433480323,0.9961508852963817,0.0,0.0,F_hidden_motion,external,correct,long_memory,0
0.9316267573405564,0.908372529523847,0.9568053094423594,0.8777338136577492,0.5075736479137124,0.0,0.00043346337234503684,0.9803921568627452,7.333333333333333,123.66666666666667,0.8244954269867963,0.9934275281009469,0.0,0.0,F_hidden_motion,external,correct,long_memory,1
0.959676914605088,0.9509354985592221,0.9686531310871356,0.9110822132321137,0.6875420875420876,0.0,0.00037243947858472997,0.9833333333333334,4.0,70.33333333333333,0.871289693879711,0.9905592953594119,0.0,0.0,F_hidden_motion,external,correct,long_memory,2
0.9608766162564729,0.9775099513321653,0.9451615294476658,0.8398026364108871,0.13984777381516977,0.0,0.00039541320680110717,1.0,3.3333333333333335,29.0,0.8357829433480323,0.9961508852963817,0.0,0.0,F_hidden_motion,external,correct,cert_hazard,0
0.9784467279679427,0.9826034811407153,0.9744143040731229,0.9270556507017854,0.10422340104442508,0.0,0.0,1.0,4.666666666666667,22.333333333333332,0.8244954269867963,0.9934275281009469,0.0,0.0,F_hidden_motion,external,correct,cert_hazard,1
0.9775724566598748,0.9795859244197943,0.9756346820808594,0.93013206123227,0.24827908716797606,0.0,0.0,1.0,3.0,28.333333333333332,0.871289693879711,0.9905592953594119,0.0,0.0,F_hidden_motion,external,correct,cert_hazard,2
0.9555339824564039,0.9668694240215322,0.9451447865062516,0.8483347086144546,0.23224864749049226,0.0,0.0003944773175542406,1.0,4.0,43.333333333333336,0.8378789162923411,0.9957673541940225,0.0,0.3097569221918992,F_hidden_motion,external,wrong,certificate,0
0.9790497726190278,0.9778555916326814,0.9802719715536332,0.9470954921383786,0.20022338772338774,0.0,0.0014867630553905065,1.0,3.3333333333333335,30.0,0.8411685098114585,0.9945424454744499,0.0,0.2961774161091066,F_hidden_motion,external,wrong,certificate,1
0.9717509686595047,0.9759123621221439,0.9677859565257242,0.9132196162046909,0.1573747443762781,0.0,0.0003658982802780827,1.0,4.0,31.333333333333332,0.8232396285133067,0.996507259620266,0.0,0.26646385317883736,F_hidden_motion,external,wrong,certificate,2
0.9356952040188803,0.9333335398048695,0.9386081201765916,0.8300329353649948,0.4824736193690074,0.0,0.0003944773175542406,1.0,5.666666666666667,89.33333333333333,0.8378789162923411,0.9957673541940225,0.0,0.3097569221918992,F_hidden_motion,external,wrong,long_memory,0
0.9590605230950465,0.9466945235366557,0.972101470895962,0.9254564693493248,0.49028749028749025,0.0,0.0021997755331088667,0.9866666666666667,5.333333333333333,74.66666666666667,0.8411685098114585,0.9945424454744499,0.0,0.2961774161091066,F_hidden_motion,external,wrong,long_memory,1
0.9331012486626439,0.9127835904348798,0.9546412146564717,0.8758148035333536,0.5797007857065978,0.0,0.0003658982802780827,1.0,8.666666666666666,120.33333333333333,0.8232396285133067,0.996507259620266,0.0,0.26646385317883736,F_hidden_motion,external,wrong,long_memory,2
0.9555339824564039,0.9668694240215322,0.9451447865062516,0.8483347086144546,0.23224864749049226,0.0,0.0003944773175542406,1.0,4.0,43.333333333333336,0.8378789162923411,0.9957673541940225,0.0,0.3097569221918992,F_hidden_motion,external,wrong,cert_hazard,0
0.9790497726190278,0.9778555916326814,0.9802719715536332,0.9470954921383786,0.20022338772338774,0.0,0.0014867630553905065,1.0,3.3333333333333335,30.0,0.8411685098114585,0.9945424454744499,0.0,0.2961774161091066,F_hidden_motion,external,wrong,cert_hazard,1
0.9717509686595047,0.9759123621221439,0.9677859565257242,0.9132196162046909,0.1573747443762781,0.0,0.0003658982802780827,1.0,4.0,31.333333333333332,0.8232396285133067,0.996507259620266,0.0,0.26646385317883736,F_hidden_motion,external,wrong,cert_hazard,2
