f1,precision,recall,occluded_keep,stale_clear_absence,external_stale_absence,clear_missing,survival,deletion_events,stale_duration,cert_precision,cert_recall,id_switches,reappear_error,family,noise,inflation,latency,policy,seed
0.9692350274457847,0.9717880795808167,0.9667833785918264,0.9096138383428173,0.1466274166074057,0.0,0.0019804193487628365,1.0,4.333333333333333,36.333333333333336,0.8472116749646132,1.0,0.0,0.0,B_calibration,0.0,0.0,0,certificate,0
0.9640760203086937,0.958626515288298,0.9699808789165457,0.9182253391066176,0.15787729333066658,0.0,0.0013043253221994098,1.0,6.0,50.0,0.8148414426577338,1.0,0.0,0.0,B_calibration,0.0,0.0,0,certificate,1
0.9685722091221914,0.9873327757917149,0.9506199923737385,0.8685401913964914,0.11146364373852526,0.0,0.0019084409798763972,1.0,3.6666666666666665,16.666666666666668,0.8932178302196444,1.0,0.0,0.0,B_calibration,0.0,0.0,0,certificate,2
0.9571304637629504,0.9622715300832905,0.9520512731687822,0.8636985056515823,0.2545155231978483,0.0,0.0007777079427788344,1.0,3.6666666666666665,50.0,0.8152253799093087,0.9458910838309892,0.0,0.0,B_calibration,0.0,0.0,1,certificate,0
0.9583718172869026,0.9485576886197432,0.96857340458675,0.9106599945857526,0.22008290914249873,0.0,0.0012559515065222284,1.0,6.333333333333333,65.33333333333333,0.7736107047198901,0.9511701404257988,0.0,0.0,B_calibration,0.0,0.0,1,certificate,1
0.9512713012423809,0.9789710121459582,0.9257782199739513,0.797430472501078,0.11561777936726658,0.0,0.0016335090950932423,1.0,4.333333333333333,26.0,0.8226011477282923,0.9530383683075457,0.0,0.0,B_calibration,0.0,0.0,1,certificate,2
0.974577489300542,0.969649833299895,0.9796399988319681,0.9397263681993034,0.1913835445245292,0.0,0.000407000407000407,1.0,5.0,40.333333333333336,0.7299308570450957,0.8633053451574376,0.0,0.0,B_calibration,0.0,0.0,3,certificate,0
0.9695014506660581,0.9842677030006354,0.9551740855456377,0.8800445856001082,0.09957960452617402,0.0,0.0016127056617810905,1.0,4.333333333333333,19.333333333333332,0.7279707316203666,0.8420956724651504,0.0,0.0,B_calibration,0.0,0.0,3,certificate,1
0.9645940578314102,0.9684045841539728,0.9609731847334345,0.8911424596908467,0.1437031551669494,0.0,0.0008606629877760346,1.0,5.666666666666667,38.0,0.7137920793270092,0.8409782690427852,0.0,0.0,B_calibration,0.0,0.0,3,certificate,2
0.8153645189215929,0.9925913891027743,0.6920130595994475,0.1473270494330603,0.058624248247393325,0.0,0.0015971249856807852,0.9444444444444443,27.0,7.0,0.6359495561946514,0.7025717722103614,0.0,0.0,B_calibration,0.0,0.0,6,certificate,0
0.8210216021682628,0.9872257910182078,0.7027628396016344,0.14953554235787692,0.052335844823068835,0.0,0.0008385744234800838,0.9722222222222222,25.333333333333332,11.666666666666666,0.5888720439227519,0.7247274819973576,0.0,0.0,B_calibration,0.0,0.0,6,certificate,1
0.8277461599713147,0.9951038458501146,0.708647929243924,0.1602601029742385,0.024192872117400416,0.0,0.0011062369513369094,0.9791666666666666,25.333333333333332,4.666666666666667,0.6326291679688981,0.7049058363552687,0.0,0.0,B_calibration,0.0,0.0,6,certificate,2
0.9667427859392848,0.9773835323414346,0.9564282842598169,0.8784849378426417,0.17211792756064415,0.0,0.000742733473870562,1.0,4.0,29.333333333333332,0.819642541532717,1.0,0.0,0.0,B_calibration,0.0,2.0,0,certificate,0
0.9597384444836604,0.9795177316301032,0.9409853786945795,0.8338855685265175,0.10654950743028886,0.0,0.0003940110323089046,1.0,5.0,25.666666666666668,0.8253092616269105,1.0,0.0,0.0,B_calibration,0.0,2.0,0,certificate,1
0.9722163095451039,0.9868587310783843,0.9580287090406067,0.875566813721945,0.09995727278276262,0.0,0.0006972983506240057,1.0,2.3333333333333335,17.333333333333332,0.8853371614836772,1.0,0.0,0.0,B_calibration,0.0,2.0,0,certificate,2
0.967842076473261,0.977525115431037,0.9584656747942554,0.8812941943751573,0.1883060347173097,0.0,0.00035014005602240897,1.0,4.0,30.333333333333332,0.8491648277254223,0.9679049306414922,0.0,0.0,B_calibration,0.0,2.0,1,certificate,0
0.971990447179051,0.978963089246562,0.9654610324621397,0.8994739386010009,0.30491283426054433,0.0,0.0,1.0,3.0,28.666666666666668,0.8361216017057749,0.970572347877703,0.0,0.0,B_calibration,0.0,2.0,1,certificate,1
0.9418931663839952,0.965069635015387,0.9201163891776433,0.770559925961256,0.2314621682254506,0.0,0.0004192872117400419,1.0,5.0,44.666666666666664,0.7670652114593955,0.9700963082988948,0.0,0.0,B_calibration,0.0,2.0,1,certificate,2
0.9679409537725251,0.9852246262273309,0.9513474047842584,0.8662390782588898,0.1715485600543072,0.0,0.0007107320540156361,1.0,4.333333333333333,20.333333333333332,0.8125438886187358,0.8785795005142883,0.0,0.0,B_calibration,0.0,2.0,3,certificate,0
0.9733282294862563,0.9859069903082763,0.9611648156504667,0.8941410476817296,0.18725098812075236,0.0,0.0,1.0,5.0,19.0,0.7523452488792883,0.8492061738803507,0.0,0.0,B_calibration,0.0,2.0,3,certificate,1
0.9649089503694454,0.9701158781586164,0.9597625488052918,0.8894736083438749,0.22246703185230268,0.0,0.00040551500405515005,1.0,4.666666666666667,39.0,0.7764169215086647,0.8722597306946306,0.0,0.0,B_calibration,0.0,2.0,3,certificate,2
0.8147084867786804,0.9891367287272779,0.692657328731015,0.1406180285879534,0.043943884607785026,0.0,0.0019420976715433752,0.9357142857142856,26.0,10.0,0.6164263522491841,0.7322371863725247,0.0,0.0,B_calibration,0.0,2.0,6,certificate,0
0.8134526110872565,0.9909506969003536,0.6903000421775386,0.1803917640683468,0.033511358457329436,0.0,0.0008375209380234506,0.9555555555555556,24.666666666666668,8.0,0.6074862439627117,0.7380973477464705,0.0,0.0,B_calibration,0.0,2.0,6,certificate,1
0.8269607918247944,0.9947323373793963,0.7078807268349405,0.16031792573073667,0.0213939871636077,0.0,0.0015263501520391954,0.9497354497354498,24.666666666666668,5.0,0.5990046979765561,0.719033591500843,0.0,0.0,B_calibration,0.0,2.0,6,certificate,2
0.9765043414272743,0.9813536532086443,0.9717355230048673,0.9137812633570608,0.3971051340380927,0.0,0.0,1.0,2.3333333333333335,26.666666666666668,0.7925516619396293,1.0,0.0,0.0,B_calibration,0.0,6.0,0,certificate,0
0.949145448748487,0.9586194590559197,0.9402733589338977,0.8332380422691816,0.4418073594363323,0.0,0.00044033465433729633,1.0,2.6666666666666665,53.333333333333336,0.7922435977551543,1.0,0.0,0.0,B_calibration,0.0,6.0,0,certificate,1
0.9570094055581148,0.9602704715610736,0.953880420427318,0.874476688591655,0.2115292830499016,0.0,0.0,1.0,4.0,51.0,0.7573222383486535,1.0,0.0,0.0,B_calibration,0.0,6.0,0,certificate,2
0.9699628344409476,0.9812102272142202,0.959686165810143,0.8896132630175183,0.1160444961546846,0.0,0.0012163195813519956,1.0,4.333333333333333,24.333333333333332,0.7810134716402257,0.9985027580772261,0.0,0.0,B_calibration,0.0,6.0,1,certificate,0
0.9631169522259665,0.9613818493893268,0.9660835869111501,0.8961506182195836,0.17516134159910987,0.0,0.0012215454888285522,1.0,5.0,49.333333333333336,0.7345019845301198,0.9938576621335242,0.0,0.0,B_calibration,0.0,6.0,1,certificate,1
0.9457959067368323,0.9491824610619034,0.9424442680430015,0.8386790922238166,0.2802498772648026,0.0,0.00040950040950040947,1.0,4.333333333333333,65.33333333333333,0.7662878464966614,0.9963894389210152,0.0,0.0,B_calibration,0.0,6.0,1,certificate,2
0.9702368561788385,0.9757864986672721,0.9647964875509922,0.9057300543410917,0.23958399221039595,0.0,0.0003732736095558044,1.0,3.0,33.333333333333336,0.733594748365861,0.9114549966912047,0.0,0.0,B_calibration,0.0,6.0,3,certificate,0
0.9532947590403245,0.953600513325371,0.9533209183039247,0.864961983069204,0.24803660476684164,0.0,0.0007246376811594203,1.0,5.333333333333333,59.666666666666664,0.6579678694850618,0.9076771150075308,0.0,0.0,B_calibration,0.0,6.0,3,certificate,1
0.9701563397253832,0.9696590311300687,0.9708064459810396,0.916609957093887,0.17138940645133935,0.0,0.0007833920877399138,1.0,4.333333333333333,39.666666666666664,0.68493397656043,0.900608790060212,0.0,0.0,B_calibration,0.0,6.0,3,certificate,2
0.8333228701395056,0.9893647924263057,0.7199223893945507,0.16586637498027088,0.06498982853821562,0.0,0.0007137758743754461,0.9791666666666666,23.333333333333332,10.666666666666666,0.6220947468507853,0.7805601110386298,0.0,0.0,B_calibration,0.0,6.0,6,certificate,0
0.8422453281576209,0.9918475151541409,0.7318599053194715,0.2196684043847663,0.054774637127578296,0.0,0.001096574586984292,0.9861111111111112,26.0,8.333333333333334,0.5853821331326433,0.7472381501917367,0.0,0.0,B_calibration,0.0,6.0,6,certificate,1
0.8336478366624762,0.991396591069179,0.7200213924306826,0.17549512039130089,0.04748607317059933,0.0,0.0015447955018979935,0.9407894736842105,24.0,8.333333333333334,0.5995700050729457,0.7538487670863985,0.0,0.0,B_calibration,0.0,6.0,6,certificate,2
0.97112312425409,0.972908925334826,0.9694202591735843,0.914219175246219,0.1538667826339059,0.0,0.0011394488201517572,1.0,5.0,35.333333333333336,0.8274383710031423,0.9531229131125597,0.0,0.0,B_calibration,3.0,0.0,0,certificate,0
0.9728940952404069,0.9679936651818175,0.9780114076474176,0.9295402298850575,0.13900555102836806,0.0,0.0008250521971798216,1.0,4.666666666666667,40.333333333333336,0.7543261264104789,0.9444535025683439,0.0,0.0,B_calibration,3.0,0.0,0,certificate,1
0.9696515728542657,0.9800682494976268,0.9596257601067891,0.8866534468038227,0.1635206041845046,0.0,0.0003949447077409163,1.0,4.333333333333333,26.666666666666668,0.8437665852040664,0.9449310088407833,0.0,0.0,B_calibration,3.0,0.0,0,certificate,2
0.9535236640405556,0.9575742004126239,0.9498226607614974,0.8692489348095754,0.23661726424924945,0.0,0.0,1.0,5.0,54.0,0.7989489036919143,0.9234318778941204,0.0,0.0,B_calibration,3.0,0.0,1,certificate,0
0.9660315247782446,0.9807548310478621,0.9517612709035266,0.8632642945465924,0.18151943182908162,0.0,0.0003695491500369549,1.0,3.3333333333333335,25.666666666666668,0.8137957729102352,0.931387035941777,0.0,0.0,B_calibration,3.0,0.0,1,certificate,1
0.9701418729871869,0.9826907279662639,0.9580496608944052,0.8799052682897922,0.18394994361380915,0.0,0.0003658982802780827,1.0,3.3333333333333335,23.666666666666668,0.8495773140716961,0.9366009427697772,0.0,0.0,B_calibration,3.0,0.0,1,certificate,2
0.9456574572751437,0.9842997323172229,0.9099350897660502,0.7259302322433587,0.24328975236233305,0.0,0.0017189709389443472,1.0,10.333333333333334,21.0,0.7593271215075115,0.8295954591118061,0.0,0.0,B_calibration,3.0,0.0,3,certificate,0
0.9482749715397946,0.9823116942349218,0.9170894363725833,0.774951018993956,0.19387694761647492,0.0,0.0007432181345224824,1.0,10.666666666666666,23.333333333333332,0.7951374877095668,0.8316886878561228,0.0,0.0,B_calibration,3.0,0.0,3,certificate,1
0.9346129117810701,0.9793790238994445,0.8938106466344976,0.6830117500392174,0.1145453439488661,0.0,0.0004535147392290249,0.9803921568627452,10.666666666666666,24.0,0.6742190736630388,0.8421446015677315,0.0,0.0,B_calibration,3.0,0.0,3,certificate,2
0.8141495608575858,0.9865471488707388,0.6931762537881684,0.15924710211634743,0.055434144222388564,0.0,0.0004084967320261438,0.9824561403508771,24.666666666666668,12.333333333333334,0.601633546501529,0.7360931844351866,0.0,0.0,B_calibration,3.0,0.0,6,certificate,0
0.8276400423358159,0.9886407762830132,0.7117974065246138,0.18172784970826586,0.09472815913544158,0.0,0.002195405011745599,0.9352826510721247,29.333333333333332,11.666666666666666,0.6297764629490921,0.6613063972427498,0.0,0.0,B_calibration,3.0,0.0,6,certificate,1
0.8222894220458182,0.9928986375704311,0.7018739524017018,0.17958547833101027,0.057367149758454104,0.0,0.0015308075009567547,0.9444444444444445,26.333333333333332,7.0,0.656318808599254,0.6851770850567709,0.0,0.0,B_calibration,3.0,0.0,6,certificate,2
0.9594725362415842,0.9653208721415059,0.953880420427318,0.874476688591655,0.18306311863012895,0.0,0.0,1.0,4.0,44.333333333333336,0.796094073371903,0.964345183302962,0.0,0.0,B_calibration,3.0,2.0,0,certificate,0
0.9708461419661557,0.9829625879439949,0.959686165810143,0.8896132630175183,0.10637987761909833,0.0,0.0012163195813519956,1.0,4.333333333333333,22.0,0.8123883377439226,0.9661605140328544,0.0,0.0,B_calibration,3.0,2.0,0,certificate,1
0.9645490253606647,0.96413291359224,0.9660835869111501,0.8961506182195836,0.16321665871880464,0.0,0.0012215454888285522,1.0,5.0,45.666666666666664,0.7612940909292937,0.978537886124093,0.0,0.0,B_calibration,3.0,2.0,0,certificate,2
0.943964421679523,0.9533872579291884,0.9347359701866851,0.8179814654072056,0.2577671085133772,0.0,0.00040950040950040947,1.0,5.0,59.333333333333336,0.7834318217217465,0.9382184304363516,0.0,0.0,B_calibration,3.0,2.0,1,certificate,0
0.9665343594641441,0.9648577639015873,0.9683733383829617,0.9137661349868179,0.2048847781938313,0.0,0.0,1.0,4.666666666666667,46.0,0.7751352234242083,0.9554118192478339,0.0,0.0,B_calibration,3.0,2.0,1,certificate,1
0.9777407073144465,0.97776672642217,0.9777173803344055,0.9376765036985355,0.22188249282320252,0.0,0.0007262164124909224,1.0,3.6666666666666665,31.0,0.8355155601329898,0.94687240070349,0.0,0.0,B_calibration,3.0,2.0,1,certificate,2
0.9535337387624686,0.9703321448830821,0.9373230390305429,0.8163043530624745,0.1612157962365772,0.0,0.0011750881316098707,0.9855072463768115,7.0,37.333333333333336,0.7051361500761558,0.863079988267592,0.0,0.0,B_calibration,3.0,2.0,3,certificate,0
0.9484315702882613,0.9835274879873467,0.915904688876748,0.7636810647846564,0.09961149961149962,0.0,0.0,1.0,7.666666666666667,19.666666666666668,0.6944190601101635,0.8651170638477931,0.0,0.0,B_calibration,3.0,2.0,3,certificate,1
0.9368739654088006,0.9649549573698181,0.9105590677696336,0.736382503192848,0.15824010716483836,0.0,0.0003736920777279522,1.0,7.666666666666667,42.0,0.6681139515265259,0.8635323541932737,0.0,0.0,B_calibration,3.0,2.0,3,certificate,2
0.8314766357191515,0.9913886798200814,0.7165274502736505,0.1627505854063147,0.04748607317059933,0.0,0.0015447955018979935,0.9407894736842105,24.666666666666668,8.333333333333334,0.615257355870355,0.7277872461261335,0.0,0.0,B_calibration,3.0,2.0,6,certificate,0
0.8189021873613349,0.9911213083595493,0.6981128668113352,0.1602550795608113,0.06725313220661704,0.0,0.0007230657989877079,0.9682539682539683,26.666666666666668,8.666666666666666,0.6185926872088315,0.7262561520028941,0.0,0.0,B_calibration,3.0,2.0,6,certificate,1
0.8219282455754625,0.9922507250246136,0.7016442794232937,0.14363413221713348,0.05461911627767265,0.0,0.0010826427727836177,0.9722222222222222,25.0,7.666666666666667,0.6501658421761515,0.7287667108923942,0.0,0.0,B_calibration,3.0,2.0,6,certificate,2
0.9595740613704856,0.9646602458949364,0.9545936636342324,0.8640796661268736,0.16631444601907794,0.0,0.0003447087211306446,1.0,4.333333333333333,42.0,0.7390803924657412,0.9913536186978833,0.0,0.0,B_calibration,3.0,6.0,0,certificate,0
0.9593044669608918,0.9704336374368143,0.9485068469539395,0.8551308074611068,0.2217605942134244,0.0,0.0004110152075626798,1.0,3.6666666666666665,39.0,0.7732154031555413,0.9887731773759575,0.0,0.0,B_calibration,3.0,6.0,0,certificate,1
0.9702685695665613,0.9697953602563798,0.970900073278321,0.9206875612316195,0.28407460091670617,0.0,0.0007782319729222383,1.0,3.6666666666666665,42.0,0.8044938301933179,0.9945490043403032,0.0,0.0,B_calibration,3.0,6.0,0,certificate,2
0.9751743390398454,0.973180881761703,0.9776357662009837,0.93769046346857,0.14595883534136547,0.0,0.0003572704537334762,1.0,4.333333333333333,33.333333333333336,0.7575394858222256,0.978197543706225,0.0,0.0,B_calibration,3.0,6.0,1,certificate,0
0.9794445535788417,0.9759530880570632,0.9829855994053395,0.9500322416407888,0.20365350198058205,0.0,0.0007210884353741498,1.0,4.0,33.333333333333336,0.7769582640211468,0.9833095447400076,0.0,0.0,B_calibration,3.0,6.0,1,certificate,1
0.9493585161889836,0.9485604882688441,0.9504246038161842,0.8683941139719483,0.24840205056261153,0.0,0.0012766157709621165,1.0,5.666666666666667,64.33333333333333,0.7100162554812594,0.97629021200692,0.0,0.0,B_calibration,3.0,6.0,1,certificate,2
0.9672719840960928,0.9765065336316131,0.9586478392856167,0.8854547556755131,0.15689102564102564,0.0,0.0,1.0,5.0,30.333333333333332,0.7481195611040583,0.9053922937292476,0.0,0.0,B_calibration,3.0,6.0,3,certificate,0
0.958668881257189,0.9595387060511041,0.9582186869409411,0.8795950985506639,0.2681092976343297,0.0,0.00037243947858472997,1.0,4.666666666666667,53.666666666666664,0.6845590278449204,0.8932639987831105,0.0,0.0,B_calibration,3.0,6.0,3,certificate,1
0.9599999256115767,0.9446235921297318,0.9759679419476445,0.9339165473241858,0.3074886552049029,0.0,0.0008505477624610906,1.0,4.666666666666667,74.0,0.6552138815588247,0.9023835748537605,0.0,0.0,B_calibration,3.0,6.0,3,certificate,2
0.8349969712377955,0.9925587003681322,0.7207926271344608,0.24907085433003937,0.0312018817722501,0.0,0.002379536832568937,0.9259259259259259,24.666666666666668,7.0,0.5581990097133978,0.751843767156083,0.0,0.0,B_calibration,3.0,6.0,6,certificate,0
0.8266443026347433,0.9878151375127127,0.7117289350427004,0.22767314205934086,0.07486025389498675,0.0,0.0034815325959119876,0.9416666666666668,23.666666666666668,12.0,0.6282158991807784,0.785182066840862,0.0,0.0,B_calibration,3.0,6.0,6,certificate,1
0.8366294608093892,0.990486329033801,0.7246554967543878,0.22358346571570684,0.07725221172589594,0.0,0.00225670223500221,0.9670588235294119,22.333333333333332,9.333333333333334,0.6154559735133255,0.7807644010837481,0.0,0.0,B_calibration,3.0,6.0,6,certificate,2
0.9655965051438576,0.9829263143655508,0.9495979893108891,0.8524952870225295,0.1493742129226,0.0,0.00035688793718772306,1.0,4.333333333333333,23.333333333333332,0.8057123961914842,0.9136408098124766,0.0,0.0,B_calibration,6.0,0.0,0,certificate,0
0.973609138184238,0.9810199488159718,0.9665740389559022,0.9054316045642815,0.17362702656820303,0.0,0.000719500680498621,1.0,4.0,26.0,0.8114946186487707,0.9237263968862658,0.0,0.0,B_calibration,6.0,0.0,0,certificate,1
0.9646861686685213,0.9723749661497426,0.9571437788535221,0.8720023614768552,0.2284492674297772,0.0,0.0004084967320261438,1.0,4.666666666666667,37.333333333333336,0.8008603990623616,0.9076689133495082,0.0,0.0,B_calibration,6.0,0.0,0,certificate,2
0.9521066723040043,0.9770042178816783,0.9287792860963751,0.8066699063354582,0.16172954187290012,0.0,0.0,1.0,5.333333333333333,28.666666666666668,0.813545403798452,0.902370987418848,0.0,0.0,B_calibration,6.0,0.0,1,certificate,0
0.9566937270410286,0.9778292493650581,0.9367326228362497,0.8196782443065994,0.22357393890240607,0.0,0.0007215015665719891,1.0,4.666666666666667,29.666666666666668,0.8247311188095829,0.8978238668086681,0.0,0.0,B_calibration,6.0,0.0,1,certificate,1
0.9530129085455465,0.9778241723562786,0.9294848474776783,0.7976029512935479,0.1952955616890745,0.0,0.0007471363957135716,0.9833333333333334,6.666666666666667,29.333333333333332,0.8129405407318496,0.8736868961843683,0.0,0.0,B_calibration,6.0,0.0,1,certificate,2
0.9018001442688076,0.9708985015310673,0.8424201044597889,0.568541735894495,0.1642129628053226,0.0,0.001155868066240717,1.0,13.666666666666666,33.0,0.7272630992196211,0.8075950520414615,0.0,0.0,B_calibration,6.0,0.0,3,certificate,0
0.905515377051571,0.9841027753943529,0.838820708697289,0.5396228384276193,0.10865845951616575,0.0,0.0011423872890317089,0.9824561403508771,15.0,18.666666666666668,0.74266111676279,0.8149472484133838,0.0,0.0,B_calibration,6.0,0.0,3,certificate,1
0.894858241668702,0.9764223229084307,0.8287470416446542,0.5359442010973794,0.10074891904013444,0.0,0.0012280217495045337,0.9803921568627452,14.666666666666666,26.333333333333332,0.7064152369796582,0.8214134118996714,0.0,0.0,B_calibration,6.0,0.0,3,certificate,2
0.8222956934137641,0.9880928993344983,0.7043686541335376,0.1689549156551322,0.05538422151325376,0.0,0.002318436752045154,0.9298245614035089,27.666666666666668,11.333333333333334,0.6048514067867393,0.669198001358103,0.0,0.0,B_calibration,6.0,0.0,6,certificate,0
0.8535199422024716,0.9915587289133151,0.7492333662549856,0.2274110892734468,0.0779045884087901,0.0,0.0017563487559421793,0.9440789473684211,25.333333333333332,8.666666666666666,0.6237383555050768,0.6846410521241216,0.0,0.0,B_calibration,6.0,0.0,6,certificate,1
0.8175200332419515,0.9934516794454682,0.694567346582489,0.16442200732775078,0.03961860137374764,0.0,0.000749907210581368,0.9848484848484849,27.333333333333332,6.333333333333333,0.6037183531786231,0.6718717994483453,0.0,0.0,B_calibration,6.0,0.0,6,certificate,2
0.9681979843556752,0.9730063280217788,0.963508154914693,0.9000383130159353,0.2571898214003477,0.0,0.0007782319729222383,1.0,4.666666666666667,37.0,0.8073518168036088,0.9189531778833316,0.0,0.0,B_calibration,6.0,2.0,0,certificate,0
0.9776733833027359,0.9831036919203576,0.9723735039387212,0.9233603364126349,0.10892737617135206,0.0,0.0003572704537334762,1.0,5.0,21.0,0.7755750939379918,0.914509504196019,0.0,0.0,B_calibration,6.0,2.0,0,certificate,1
0.9803779917280719,0.9780364435387633,0.9827468219459318,0.949361550829253,0.18471294540190394,0.0,0.0007210884353741498,1.0,4.333333333333333,30.333333333333332,0.7888772014017315,0.9258321858180288,0.0,0.0,B_calibration,6.0,2.0,0,certificate,2
0.9481446253644048,0.9506581120047706,0.9458705081034413,0.8569283112361671,0.23702529733774624,0.0,0.0012766157709621165,1.0,6.333333333333333,61.333333333333336,0.7165470661565073,0.9080642759666647,0.0,0.0,B_calibration,6.0,2.0,1,certificate,0
0.9667381655472845,0.9743332154968763,0.959574755916286,0.8890108117498108,0.15869175627240142,0.0,0.0011556460543707355,0.9824561403508771,6.666666666666667,33.666666666666664,0.7771604001361673,0.9012699605023258,0.0,0.0,B_calibration,6.0,2.0,1,certificate,1
0.9686940880026356,0.9769589780082963,0.9606732969553957,0.8816182718212294,0.196761221971306,0.0,0.0007662835249042146,1.0,5.333333333333333,31.0,0.7991545875046876,0.9084643844712103,0.0,0.0,B_calibration,6.0,2.0,1,certificate,2
0.9406574191449314,0.9576909663131454,0.9244497520493943,0.797813935953623,0.21205793907204049,0.0,0.0012354592328229074,0.9833333333333334,9.666666666666666,52.333333333333336,0.6703380073942663,0.8526258141313745,0.0,0.0,B_calibration,6.0,2.0,3,certificate,0
0.915716158030408,0.975880308840281,0.864011569609333,0.6433278848961816,0.1961411193312812,0.0,0.0008175877554210276,1.0,10.0,28.666666666666668,0.7584848648854208,0.8539450723261854,0.0,0.0,B_calibration,6.0,2.0,3,certificate,1
0.9210755335673019,0.9493721360478876,0.8946074445595092,0.7034047713939641,0.17952821360988305,0.0,0.001356085570088212,0.9841269841269842,13.666666666666666,58.0,0.626831336978263,0.8247280218176426,0.0,0.0,B_calibration,6.0,2.0,3,certificate,2
0.8320165909171161,0.9906884940699857,0.7175114357451392,0.2029411227379817,0.07577073024441446,0.0,0.00225670223500221,0.9670588235294119,23.666666666666668,9.0,0.6207511702490901,0.7337042267583048,0.0,0.0,B_calibration,6.0,2.0,6,certificate,0
0.8330637807230984,0.9892030521993241,0.7196940703413093,0.23640489299444126,0.06301739392196697,0.0,0.001926780682059314,0.942987567987568,30.0,10.666666666666666,0.604641900277432,0.6707289513491355,0.0,0.0,B_calibration,6.0,2.0,6,certificate,1
0.8246447550510041,0.9895975259256938,0.7070066411359784,0.19703919502469058,0.06898836886035521,0.0,0.0010917448764604482,0.9626262626262626,31.0,10.0,0.5804131194552095,0.6628934678894388,0.0,0.0,B_calibration,6.0,2.0,6,certificate,2
0.971611943939827,0.9798351152379173,0.9635922184516071,0.8925816330196135,0.14839054200143598,0.0,0.0010548523206751054,1.0,4.666666666666667,26.666666666666668,0.7283415942345703,0.9447525465683256,0.0,0.0,B_calibration,6.0,6.0,0,certificate,0
0.9697551548750832,0.9684561975046627,0.971061575710499,0.9099769507103606,0.29715100656358745,0.0,0.0003287310979618672,1.0,3.0,43.666666666666664,0.7123503689578256,0.9410554953983228,0.0,0.0,B_calibration,6.0,6.0,0,certificate,1
0.9566274713373494,0.9616209939197748,0.9518183371538808,0.8679299654031135,0.2626641671585492,0.0,0.00038226299694189603,1.0,5.0,51.0,0.7490561221718742,0.9447542268354354,0.0,0.0,B_calibration,6.0,6.0,0,certificate,2
0.9623442930550771,0.9704723428041496,0.9550862084360748,0.8637392585243928,0.20721480799713657,0.0,0.0010667754662427073,1.0,3.3333333333333335,40.666666666666664,0.7437180815582923,0.9429885294253623,0.0,0.0,B_calibration,6.0,6.0,1,certificate,0
0.9668960318551845,0.9694114239982207,0.9648803187203074,0.9001104345612675,0.23921953686966746,0.0,0.0014737781518916364,1.0,3.6666666666666665,38.333333333333336,0.7215824534829173,0.9355728043176822,0.0,0.0,B_calibration,6.0,6.0,1,certificate,1
0.9402948323308192,0.9631560162693452,0.9198947715954855,0.8017804637664265,0.21239415692889888,0.0,0.001800919206579584,1.0,5.0,44.666666666666664,0.7011678226168856,0.9380158454400834,0.0,0.0,B_calibration,6.0,6.0,1,certificate,2
0.9723057479780558,0.975314549625179,0.969451035837153,0.9085331021863116,0.219881372414603,0.0,0.00039872408293460925,0.9841269841269842,4.333333333333333,34.0,0.699205551106098,0.888660061988535,0.0,0.0,B_calibration,6.0,6.0,3,certificate,0
0.9584824592367909,0.9723660895506004,0.9450703430474112,0.8406635026901799,0.20313764284685043,0.0,0.0,1.0,7.666666666666667,35.333333333333336,0.7089713508025826,0.8795552119746656,0.0,0.0,B_calibration,6.0,6.0,3,certificate,1
0.9441027113718826,0.9676829622723204,0.921798531433213,0.7819657146242466,0.16632625272331156,0.0,0.0007455530856250878,1.0,7.333333333333333,39.333333333333336,0.7004284757971337,0.8828212375730904,0.0,0.0,B_calibration,6.0,6.0,3,certificate,2
0.8460573681353741,0.987256119695172,0.7403856001287196,0.24694778832973296,0.0592346435239823,0.0,0.0007777185445630464,0.9866666666666667,23.666666666666668,12.333333333333334,0.5819274175810678,0.7465922134028875,0.0,0.0,B_calibration,6.0,6.0,6,certificate,0
0.8522323463585822,0.9902559999765296,0.748342616032649,0.2845077106649115,0.06650602312622798,0.0,0.0007524454477050414,0.9833333333333334,21.0,10.0,0.6422242461827438,0.764163485133697,0.0,0.0,B_calibration,6.0,6.0,6,certificate,1
0.8516993549359452,0.9912828974740924,0.7466779007727521,0.2594167367196183,0.06118010435799728,0.0,0.0010630985114250498,0.9861111111111112,23.0,9.0,0.6148740095034287,0.7550519632165683,0.0,0.0,B_calibration,6.0,6.0,6,certificate,2
0.9417125004974389,0.9843510752363756,0.9030812281232699,0.7406525644929344,0.09600876364895057,0.0,0.0007689350249903883,0.9649122807017544,11.0,19.0,0.7394401560828969,0.8261216685894145,0.0,0.0,B_calibration,10.0,0.0,0,certificate,0
0.9569741148824966,0.9840645354866089,0.9321188819367746,0.7985730972154856,0.1888267048049694,0.0,0.002515209916406772,0.9675925925925926,9.333333333333334,21.333333333333332,0.7410031962261702,0.8150019742478886,0.0,0.0,B_calibration,10.0,0.0,0,certificate,1
0.9489656236167536,0.9795218007062293,0.9203771249324832,0.7724546264056668,0.14456477135952184,0.0,0.002161471648404859,0.9424603174603176,12.666666666666666,26.0,0.7178945981554676,0.8140835467812925,0.0,0.0,B_calibration,10.0,0.0,0,certificate,2
0.9505025094135409,0.976931879378045,0.9255500800151218,0.7694431452932938,0.21564725489332337,0.0,0.0010803282418927202,0.9722222222222222,10.333333333333334,30.333333333333332,0.6972987393390033,0.8065153943534202,0.0,0.0,B_calibration,10.0,0.0,1,certificate,0
0.9439729498897728,0.9762302904071559,0.9141909183522093,0.7641667030282658,0.15264505713943918,0.0,0.00038226299694189603,1.0,13.333333333333334,29.666666666666668,0.7370266661024042,0.8031156996223316,0.0,0.0,B_calibration,10.0,0.0,1,certificate,1
0.9456570348875867,0.9729029659887414,0.9200480632488391,0.7511237945811731,0.180980240095902,0.0,0.0010667754662427073,1.0,8.333333333333334,35.0,0.7374282405677492,0.8281541204498805,0.0,0.0,B_calibration,10.0,0.0,1,certificate,2
0.9041879504223695,0.9806598332607019,0.838955511235639,0.5367151319677462,0.11656821378340365,0.0,0.00036075036075036075,1.0,17.0,21.666666666666668,0.6995900343257523,0.7561724606796142,0.0,0.0,B_calibration,10.0,0.0,3,certificate,0
0.8765184466396532,0.9876420384294894,0.7882189287517191,0.4390027945404607,0.07472050666209183,0.0,0.001649175412293853,0.9426900584795321,16.0,13.0,0.696497057648603,0.7810274238871334,0.0,0.0,B_calibration,10.0,0.0,3,certificate,1
0.9251591361888041,0.977183729072864,0.8784538093917879,0.6396450666302526,0.18834480791714467,0.0,0.0007378220822564131,0.9707936507936509,14.333333333333334,28.333333333333332,0.6944319680895547,0.7769946482857989,0.0,0.0,B_calibration,10.0,0.0,3,certificate,2
0.8399683050421102,0.9873820061509432,0.7310266038066283,0.21770198078654648,0.042655089054431584,0.0,0.0028277356936983237,0.9327122153209109,25.333333333333332,11.666666666666666,0.5455061594530286,0.6389998572041329,0.0,0.0,B_calibration,10.0,0.0,6,certificate,0
0.8158151337075803,0.9834218782136533,0.6978830262143051,0.17555617377173693,0.06111194415924484,0.0,0.0016025241831693446,0.9803921568627452,22.333333333333332,15.0,0.6129119554796568,0.6869937619043415,0.0,0.0,B_calibration,10.0,0.0,6,certificate,1
0.832884032289412,0.9865555613833147,0.7209805964243327,0.19135424664783743,0.061598709717835716,0.0,0.0007777185445630464,0.9866666666666667,26.0,12.666666666666666,0.5757410391268659,0.6538146863190988,0.0,0.0,B_calibration,10.0,0.0,6,certificate,2
0.9564185433884406,0.9766170628668265,0.9371862314856337,0.802854585251501,0.25899734320786955,0.0,0.00038446751249519417,0.9833333333333334,8.0,30.666666666666668,0.7331597999701449,0.8426608270536023,0.0,0.0,B_calibration,10.0,2.0,0,certificate,0
0.9612664402801151,0.9761562470804758,0.9470634296667692,0.847001694025876,0.14897937855048562,0.0,0.0011150871934466008,0.9791666666666666,7.333333333333333,30.666666666666668,0.7248112740425352,0.8570174819809955,0.0,0.0,B_calibration,10.0,2.0,0,certificate,1
0.9504933059438754,0.9751279399000939,0.9277885677092413,0.7973525486480865,0.14680304676080513,0.0,0.0,1.0,7.666666666666667,31.0,0.6985898177233918,0.8487087520511953,0.0,0.0,B_calibration,10.0,2.0,0,certificate,2
0.9437416922086906,0.978339368899572,0.9119775379324722,0.7497946102400931,0.13252910052910052,0.0,0.00108962587220609,0.9841269841269842,9.333333333333334,27.0,0.6893676201981851,0.8260879941478173,0.0,0.0,B_calibration,10.0,2.0,1,certificate,0
0.938961042798096,0.9609933228335414,0.9180852657202226,0.7639658834189582,0.17168742522302086,0.0,0.0020561307554267188,0.9616977225672878,11.333333333333334,46.666666666666664,0.6811520611797116,0.8443137709099217,0.0,0.0,B_calibration,10.0,2.0,1,certificate,1
0.9270258565757913,0.9752267284894275,0.8849485227385797,0.6918187920055816,0.09661730458521367,0.0,0.0016025241831693446,0.9803921568627452,8.666666666666666,27.666666666666668,0.7209749637200716,0.84372981597765,0.0,0.0,B_calibration,10.0,2.0,1,certificate,2
0.9162437667081583,0.9895273291264567,0.853226600467611,0.5778771848807807,0.05639495367756237,0.0,0.0,1.0,14.0,12.0,0.6916173681131229,0.7797393866437483,0.0,0.0,B_calibration,10.0,2.0,3,certificate,0
0.9125095779290944,0.9562367161203541,0.8726743143535375,0.6474155899443256,0.1385406985897182,0.0,0.0003907776475185619,1.0,14.333333333333334,46.666666666666664,0.6359499877039677,0.8065968939532159,0.0,0.0,B_calibration,10.0,2.0,3,certificate,1
0.8798671297638707,0.9697595074801129,0.8066474441655606,0.5086388714295692,0.14613528769971781,0.0,0.0007160759040458288,0.9848484848484849,15.333333333333334,31.0,0.6714498484911132,0.7997730288427963,0.0,0.0,B_calibration,10.0,2.0,3,certificate,2
0.8601372511821229,0.9847908637543639,0.7640881292490321,0.2703608276980639,0.05480322877513604,0.0,0.001160092807424594,0.9523809523809524,23.333333333333332,15.0,0.5281232518647535,0.6923945307565997,0.0,0.0,B_calibration,10.0,2.0,6,certificate,0
0.8225717543518636,0.9869554054380707,0.705165859193739,0.19770451664430064,0.06672659205159225,0.0,0.0015913989600839574,0.9656084656084656,24.0,12.333333333333334,0.5924130447798941,0.7039567453120302,0.0,0.0,B_calibration,10.0,2.0,6,certificate,1
0.8506271081341467,0.9894905560395785,0.746120882230285,0.2846895854074954,0.04513833712943835,0.0,0.0011047044885636214,1.0,25.0,10.0,0.5807311403999306,0.6944167156468787,0.0,0.0,B_calibration,10.0,2.0,6,certificate,2
0.9628883391241447,0.9616697394400656,0.964547237312719,0.9001269108877379,0.19272174255776423,0.0,0.000980392156862745,1.0,8.333333333333334,46.333333333333336,0.6782055849264248,0.8776740616794759,0.0,0.0,B_calibration,10.0,6.0,0,certificate,0
0.9500732475078947,0.9704494269437554,0.931578518837572,0.8234463265496036,0.11290830719083762,0.0,0.0020534793324968035,1.0,5.333333333333333,34.666666666666664,0.6432000576598259,0.8866519773917987,0.0,0.0,B_calibration,10.0,6.0,0,certificate,1
0.9330129950972154,0.9451906144274179,0.9212456775407611,0.7783136571224527,0.24788440752254734,0.0,0.0,1.0,7.666666666666667,66.33333333333333,0.671550117276348,0.8787894524148735,0.0,0.0,B_calibration,10.0,6.0,0,certificate,2
0.9477008669581194,0.9690680563520685,0.9272892148373076,0.7971451132352111,0.22514648598709255,0.0,0.0003745318352059925,0.9814814814814815,7.333333333333333,39.333333333333336,0.7174721073168154,0.8868821881072283,0.0,0.0,B_calibration,10.0,6.0,1,certificate,0
0.9570259830600163,0.983799755987289,0.9316820300102379,0.8006797715352011,0.0957534641745168,0.0,0.0012933256275284672,1.0,6.666666666666667,19.0,0.7176815995533304,0.8771794453404961,0.0,0.0,B_calibration,10.0,6.0,1,certificate,1
0.9589823506869869,0.9796328381783349,0.9402019677290386,0.8339249108286554,0.2031956574761675,0.0,0.0007760962359332557,0.9791666666666666,8.0,28.333333333333332,0.7179909284637297,0.8599927550040644,0.0,0.0,B_calibration,10.0,6.0,1,certificate,2
0.921007582159317,0.967352105318712,0.8789358814850307,0.6080224873028275,0.15414447975071124,0.0,0.0014196436619295135,1.0,13.333333333333334,38.0,0.619696924023729,0.8155986479056693,0.0,0.0,B_calibration,10.0,6.0,3,certificate,0
0.9192319685999739,0.9889049238023322,0.8600962883887298,0.6169504116961665,0.06451977902982929,0.0,0.0011061178983676292,0.9848484848484849,12.0,13.0,0.6439373842820935,0.8240797027763701,0.0,0.0,B_calibration,10.0,6.0,3,certificate,1
0.9390111072860622,0.9807483617107101,0.9013287238674031,0.7085682522356661,0.18576384897002954,0.0,0.0010866777118476415,0.9814814814814815,8.666666666666666,24.666666666666668,0.6771991998296664,0.8406847286920017,0.0,0.0,B_calibration,10.0,6.0,3,certificate,2
0.8310454578135871,0.9853315351947721,0.7195472893227614,0.23138824994145182,0.056605783115875885,0.0,0.003628734099195263,0.8746732026143791,21.666666666666668,14.0,0.5997580917336619,0.7360618666136499,0.0,0.0,B_calibration,10.0,6.0,6,certificate,0
0.8393584698397061,0.9907309750545074,0.7281136239351951,0.24734971169106268,0.09819654522589055,0.0,0.0007646476723625027,0.9619047619047619,24.0,9.666666666666666,0.6300637544913855,0.7369738894736497,0.0,0.0,B_calibration,10.0,6.0,6,certificate,1
0.8684104871652792,0.9927390956272254,0.7719382587549043,0.33115636439880397,0.036338948725029914,0.0,0.002546793405724078,0.9656084656084656,24.333333333333332,7.666666666666667,0.6156727777234513,0.723259593921017,0.0,0.0,B_calibration,10.0,6.0,6,certificate,2
0.8972229244467117,0.9752275627884913,0.8320147603923386,0.5474666328182941,0.11138709916818353,0.0,0.0040190541616464725,0.8550653594771243,18.0,27.666666666666668,0.6735237155976143,0.7273593596162513,0.0,0.0,B_calibration,16.0,0.0,0,certificate,0
0.8862685171326942,0.9895911871129884,0.8026065560735033,0.45440997088219093,0.09387329946599697,0.0,0.0007646476723625027,0.9619047619047619,21.333333333333332,11.666666666666666,0.6853785916928229,0.6769250687777078,0.0,0.0,B_calibration,16.0,0.0,0,certificate,1
0.9188870621340532,0.9932393054554195,0.85575288466315,0.5825683274401399,0.0379729356531345,0.0,0.002991281585914144,0.9484702093397747,21.0,8.0,0.685316240984716,0.6969228155870889,0.0,0.0,B_calibration,16.0,0.0,0,certificate,2
0.888022613575175,0.9708564550595198,0.8186846909742419,0.5042313437354918,0.08754976752078142,0.0,0.0013142741456388333,0.9563492063492062,19.666666666666668,29.0,0.6431440963729789,0.7092764150660641,0.0,0.0,B_calibration,16.0,0.0,1,certificate,0
0.8983264912017758,0.968988603521836,0.8374451495792506,0.5267085578591068,0.10285588040987396,0.0,0.001768435274865451,0.9833333333333334,23.666666666666668,32.333333333333336,0.5466589277451069,0.6785958795516915,0.0,0.0,B_calibration,16.0,0.0,1,certificate,1
0.8935401084967558,0.9853101336923483,0.8177980938730703,0.5121441190905506,0.06799641989515408,0.0,0.003243529742711309,0.9005494505494506,20.666666666666668,16.0,0.6535237957228621,0.7112006516711652,0.0,0.0,B_calibration,16.0,0.0,1,certificate,2
0.8449547290773233,0.9872925200599997,0.7386345097061442,0.30599436854341605,0.07192985125341692,0.0,0.0007903695362729664,0.9855072463768115,21.333333333333332,12.666666666666666,0.6802772848679831,0.6883830059781938,0.0,0.0,B_calibration,16.0,0.0,3,certificate,0
0.895245824670302,0.9882815069720788,0.8185992520671359,0.4843128380757274,0.06891272557621662,0.0,0.0022670232441126914,0.9689754689754689,23.0,13.333333333333334,0.6163908167622766,0.6780914983444823,0.0,0.0,B_calibration,16.0,0.0,3,certificate,1
0.880011301270939,0.9796454177387565,0.7992953169224662,0.4678822688245592,0.08996429357128895,0.0,0.004268400099706154,0.9226190476190476,24.333333333333332,20.333333333333332,0.6141256481869832,0.666873935545565,0.0,0.0,B_calibration,16.0,0.0,3,certificate,2
0.8312753659525436,0.9879955128892712,0.7177080133216194,0.22823631592288307,0.04362763834034059,0.0,0.0016286580802709835,0.937950937950938,21.666666666666668,10.333333333333334,0.5356654436589708,0.6169688520434788,0.0,0.0,B_calibration,16.0,0.0,6,certificate,0
0.8437414165238059,0.9945994892972925,0.7326802276299359,0.25042602022265853,0.04503128959954145,0.0,0.0011098779134295228,0.9666666666666667,27.333333333333332,5.333333333333333,0.5666166352685759,0.585810351830273,0.0,0.0,B_calibration,16.0,0.0,6,certificate,1
0.8545493493745725,0.9859816731675437,0.7540504469389808,0.25470086624601024,0.07480401394818148,0.0,0.0015187542829778978,0.9682539682539683,24.0,14.333333333333334,0.546736142600852,0.6041988532976276,0.0,0.0,B_calibration,16.0,0.0,6,certificate,2
0.9130043569571358,0.977501696833272,0.8566002510603251,0.5664419078828051,0.093983328188934,0.0,0.0018079355211244369,0.960233918128655,15.666666666666666,25.0,0.6418941605196663,0.7310028922280863,0.0,0.0,B_calibration,16.0,2.0,0,certificate,0
0.9210204972222034,0.9746280874211086,0.8730981951008151,0.6200462622502178,0.10987022876423798,0.0,0.0007732623077583984,0.9761904761904763,17.666666666666668,29.0,0.6152105689928044,0.7388601202994386,0.0,0.0,B_calibration,16.0,2.0,0,certificate,1
0.9132233129756377,0.9821070683022354,0.8535383503432055,0.602238007233232,0.16549119615264268,0.0,0.0022158801285014876,0.9725028058361391,19.666666666666668,21.666666666666668,0.6730906303751293,0.7173544464531014,0.0,0.0,B_calibration,16.0,2.0,0,certificate,2
0.9006245076808707,0.988088011331001,0.8285186578376784,0.5064991379374686,0.09146901223334343,0.0,0.0010984696801953533,1.0,16.333333333333332,14.0,0.7056150278181796,0.7280589929958751,0.0,0.0,B_calibration,16.0,2.0,1,certificate,0
0.8838616362262609,0.9789143181886916,0.8065396830174176,0.4748116725728666,0.10637873189790631,0.0,0.0012623577139706172,0.9538239538239538,16.0,21.0,0.6060178255807179,0.7290002700450461,0.0,0.0,B_calibration,16.0,2.0,1,certificate,1
0.931941820524588,0.9835146222158976,0.8855602409123241,0.6794504214975267,0.13720768145784393,0.0,0.0011098779134295228,0.9666666666666667,16.666666666666668,20.333333333333332,0.6593062567573188,0.7300750412806857,0.0,0.0,B_calibration,16.0,2.0,1,certificate,2
0.878985878104726,0.985723843398528,0.7934526591754766,0.4519610960288927,0.10370855615287723,0.0,0.0015667841754798276,0.9666666666666667,24.333333333333332,15.666666666666666,0.6491181334928907,0.6963445593954068,0.0,0.0,B_calibration,16.0,2.0,3,certificate,0
0.8759402113140276,0.974899404575487,0.7961852705644871,0.4402362776773616,0.0783850835813654,0.0,0.0018519519681870333,0.9791666666666666,19.666666666666668,24.0,0.5855779748232061,0.7149756045443509,0.0,0.0,B_calibration,16.0,2.0,3,certificate,1
0.9013624912913819,0.9844947236243193,0.8313602032317032,0.520814503666231,0.06268094369694009,0.0,0.0015343306482546988,0.9880952380952381,23.0,16.333333333333332,0.575987049836938,0.6939880169262903,0.0,0.0,B_calibration,16.0,2.0,3,certificate,2
0.8588116211452913,0.9828427659024573,0.762637055945033,0.3340064591642964,0.06057028634355486,0.0,0.0016381732877977586,0.9791666666666666,28.666666666666668,16.333333333333332,0.5198182808796341,0.6189924286246806,0.0,0.0,B_calibration,16.0,2.0,6,certificate,0
0.8375456313372075,0.9841779752441516,0.7290503346522791,0.21224959813305264,0.0575431198911874,0.0,0.0015745543100403397,0.9347222222222222,22.333333333333332,15.0,0.5659992510307225,0.6436527461588049,0.0,0.0,B_calibration,16.0,2.0,6,certificate,1
0.8422707779411184,0.9878006587139012,0.7344609886854462,0.23408755741146225,0.07734183578601309,0.0,0.00037411148522259637,1.0,23.333333333333332,12.333333333333334,0.5682065916848525,0.6352096186185742,0.0,0.0,B_calibration,16.0,2.0,6,certificate,2
0.9391183219694641,0.9877404129341016,0.8952780189227082,0.6969586398910367,0.10896813824081523,0.0,0.0014970906295403215,0.957351290684624,15.666666666666666,15.333333333333334,0.6372388215387838,0.7530342880064858,0.0,0.0,B_calibration,16.0,6.0,0,certificate,0
0.9177223498417177,0.9725728319329736,0.87097701719743,0.6525575880758807,0.19130127918117,0.0,0.0012547655599426716,1.0,13.666666666666666,32.0,0.6230972781300336,0.7843955893687378,0.0,0.0,B_calibration,16.0,6.0,0,certificate,1
0.9519636450449563,0.9863155741003345,0.9200642191688351,0.7613880720774452,0.14214127422371478,0.0,0.0007627765064836003,1.0,12.333333333333334,17.666666666666668,0.6724639427612256,0.7793674115640273,0.0,0.0,B_calibration,16.0,6.0,0,certificate,2
0.9364225448466033,0.9829265982336385,0.8948293996058401,0.7093641767735922,0.21042507627873483,0.0,0.0014319023432718837,0.9722222222222223,15.666666666666666,20.666666666666668,0.6532040395632861,0.7669643644286596,0.0,0.0,B_calibration,16.0,6.0,1,certificate,0
0.9168936404612914,0.9884443532531884,0.8551743161717504,0.5941982975959547,0.12872532637368977,0.0,0.0010141987829614604,1.0,12.333333333333334,14.333333333333334,0.6988882734677073,0.7810832874305448,0.0,0.0,B_calibration,16.0,6.0,1,certificate,1
0.9280842125352343,0.9806734645152306,0.8813509259170004,0.6544845111976398,0.13094244153699186,0.0,0.0010977412388936062,1.0,13.0,24.0,0.631771392054183,0.7973123293282263,0.0,0.0,B_calibration,16.0,6.0,1,certificate,2
0.8956392219866643,0.980944246322041,0.8242106173312383,0.5262462870040729,0.07890467753967484,0.0,0.002499421604239651,1.0,16.0,20.333333333333332,0.6203034474846555,0.7581309549394656,0.0,0.0,B_calibration,16.0,6.0,3,certificate,0
0.8988022153508254,0.9839526859468998,0.8273157315680976,0.5227625628023871,0.09255568841061068,0.0,0.0034210726404368223,0.9666666666666667,18.333333333333332,18.0,0.6190940630846419,0.7381298069353824,0.0,0.0,B_calibration,16.0,6.0,3,certificate,1
0.9181043148573306,0.9924787519794736,0.8545477118741882,0.586102884506489,0.06099405039499159,0.0,0.002230167032613319,0.9460317460317459,17.666666666666668,8.666666666666666,0.6554875317278763,0.7464871646593751,0.0,0.0,B_calibration,16.0,6.0,3,certificate,2
0.8569665308508293,0.9942880682281151,0.753163523813682,0.32382968933124495,0.038684503901895206,0.0,0.0029246050179912654,0.9707936507936509,25.333333333333332,6.0,0.5879219724050898,0.6525417666537353,0.0,0.0,B_calibration,16.0,6.0,6,certificate,0
0.8663159224435862,0.9870418739056399,0.7721989445332564,0.36145904275784296,0.06098732958550381,0.0,0.0011652106208940901,0.9880952380952381,28.333333333333332,13.0,0.5148795658602765,0.6400290789930859,0.0,0.0,B_calibration,16.0,6.0,6,certificate,1
0.8430735970548636,0.9856310314468981,0.7368891495677742,0.2985610020397756,0.0749114760419561,0.0,0.0011806670630003944,0.9657894736842105,27.0,14.333333333333334,0.5532106792777456,0.6550060252300818,0.0,0.0,B_calibration,16.0,6.0,6,certificate,2
