f1,precision,recall,occluded_keep,stale_clear_absence,external_stale_absence,clear_missing,survival,deletion_events,stale_duration,cert_precision,cert_recall,id_switches,reappear_error,family,policy,seed
0.663568750416228,0.9818041209675493,0.5020465235716219,0.4264499824388545,0.06186235194290431,0.056379239593926746,0.00566504697116942,1.0,42.666666666666664,12.666666666666666,0.8449971888592329,0.994220958176221,0.0,0.0,H_ablation,certificate,0
0.6957133650005076,0.9762016621340818,0.5408308048960181,0.5575710073877089,0.1342687074829932,0.10805276753748132,0.0038454207172041142,1.0,41.666666666666664,18.333333333333332,0.8687603670654518,0.992345923215122,0.0,0.0,H_ablation,certificate,1
0.6407519898776216,0.9943859400300205,0.47331582224295304,0.41752597195885505,0.04078884078884079,0.0,0.0019506686173352838,0.9333333333333332,41.333333333333336,4.0,0.8546609583846335,0.9947421054886999,0.0,0.0,H_ablation,certificate,2
0.6401323695547093,0.9467987511484424,0.4841634303030932,0.41039880588892813,0.20546419098143234,0.22896270396270393,0.0040593315346613935,1.0,41.333333333333336,34.0,0.8322638123976024,0.9968335744149642,0.0,0.0,H_ablation,certificate,3
0.5996470906309993,0.9905233583528158,0.43091580724145445,0.2939037934174444,0.027409680569117027,0.037900306321358955,0.004371612558929376,0.9523809523809524,37.666666666666664,5.666666666666667,0.8550852881771137,0.9960762626342378,0.0,0.0,H_ablation,certificate,4
0.6863788553870749,0.9890160780779786,0.5264058301429934,0.5621663960176593,0.04227315435207862,0.024324324324324326,0.004010591909717935,1.0,40.333333333333336,8.0,0.8537393237393238,0.9970482931577819,0.0,0.0,H_ablation,certificate,5
0.6646215970991045,0.9732803584008277,0.5054793074901919,0.432043838239742,0.10096577651024112,0.1290582005240865,0.005465817776034672,1.0,39.0,19.333333333333332,0.8059865706169708,0.9948567380429033,0.0,0.0,H_ablation,certificate,6
0.6266090648334726,0.9737162366900062,0.46213440360982294,0.3786191952850439,0.08937385948540039,0.07510626628273688,0.009466132157307391,1.0,38.333333333333336,16.666666666666668,0.844115617814551,0.9957106923485641,0.0,0.0,H_ablation,certificate,7
0.5390000289470724,0.9921464354527938,0.3700599803888167,0.07179134893517551,0.020622895622895623,0.021514563106796114,0.005416165123392202,0.4126262626262626,47.0,4.0,0.0,0.0,0.0,0.0,H_ablation,no_robot_action,0
0.515187710056162,0.9870044564296422,0.34859714317563356,0.04030762026428095,0.02575864939791835,0.006166995397764628,0.00422603126463618,0.1111111111111111,45.666666666666664,6.0,0.0,0.0,0.0,0.0,H_ablation,no_robot_action,1
0.5058011234177803,0.9977362427535162,0.33965824826954555,0.06190352707679946,0.0033584836216415163,0.0035650623885918,0.003169306947856864,0.4243386243386243,42.666666666666664,1.0,0.0,0.0,0.0,0.0,H_ablation,no_robot_action,2
0.5246382826670556,0.9984532095901005,0.35587667070114987,0.05831793624365942,0.0019782393669634025,0.0014947683109118087,0.00813840834708734,0.4595238095238095,44.333333333333336,0.6666666666666666,0.0,0.0,0.0,0.0,H_ablation,no_robot_action,3
0.5097062988074392,0.9933633965795967,0.3428158851651954,0.07184377017607374,0.015814183345688165,0.0,0.008167933179773103,0.33869047619047615,46.666666666666664,3.0,0.0,0.0,0.0,0.0,H_ablation,no_robot_action,4
0.5105036801765411,0.992079913295893,0.3440044078676096,0.05822832910953765,0.016974043715846997,0.009053123042760349,0.0021574973031283713,0.49158249158249157,47.0,3.6666666666666665,0.0,0.0,0.0,0.0,H_ablation,no_robot_action,5
0.5141235792899752,0.9940396031361333,0.3481445215006072,0.07086690045384011,0.011058414292555883,0.004708374063212773,0.0077320460704607035,0.3203093203093203,44.333333333333336,2.6666666666666665,0.0,0.0,0.0,0.0,H_ablation,no_robot_action,6
0.49101534810200853,0.9889282142281561,0.32806095110267813,0.05785112747171145,0.0380964011956058,0.010946907498631636,0.006853884322581882,0.17104377104377103,46.0,5.0,0.0,0.0,0.0,0.0,H_ablation,no_robot_action,7
0.6032098230883597,0.9959420289855072,0.4341427824338822,0.11173635209284107,0.005907172995780591,0.0024330900243309003,0.0029154518950437317,0.41111111111111115,41.333333333333336,2.3333333333333335,0.2907022124460561,0.34111386934205173,0.0,0.0,H_ablation,random_geometry,0
0.5873530482992699,0.9841703095944364,0.41963236804706,0.12349494248726116,0.06527081035641595,0.051736713578818844,0.004659261106973047,0.3365384615384615,46.0,9.0,0.3362227136156493,0.350910475268375,0.0,0.0,H_ablation,random_geometry,1
0.6053972227022287,0.9864370107017165,0.43696223913487614,0.13251047335195523,0.05647989771765235,0.013605442176870748,0.006647769484571418,0.3888888888888889,45.666666666666664,8.333333333333334,0.2992797841731885,0.3412951015278518,0.0,0.0,H_ablation,random_geometry,2
0.551161837477931,0.9762139556982729,0.38397793754850645,0.09032730304301949,0.04942907029548372,0.037361285525300214,0.007247623425343372,0.38990638990638987,44.0,12.0,0.29582049415156114,0.3420394444006189,0.0,0.0,H_ablation,random_geometry,3
0.5685732888122358,0.9806456421009888,0.4010321441406477,0.1000039325589887,0.0377869090390796,0.0021231422505307855,0.010587169166672688,0.2483164983164983,41.666666666666664,10.333333333333334,0.2991889697936599,0.3427331918403888,0.0,0.0,H_ablation,random_geometry,4
0.5771068196353694,0.9849884551782996,0.4081655796451555,0.1115145116278149,0.034750110894602594,0.034365332501978464,0.004919598571283964,0.4185185185185185,42.666666666666664,7.666666666666667,0.3138866385789129,0.34461196757033824,0.0,0.0,H_ablation,random_geometry,5
0.5780511713988677,0.9893864902714461,0.4085004674450397,0.08564754637873506,0.02119604673017909,0.008586689019999786,0.011010360707093138,0.4386724386724386,42.0,5.666666666666667,0.2934248651886063,0.36109437512140036,0.0,0.0,H_ablation,random_geometry,6
0.5835252084622341,0.9837194688872412,0.4152651754697114,0.11198193553614462,0.018359567272015116,0.01368775109782304,0.0041928721174004195,0.5336996336996337,39.666666666666664,7.333333333333333,0.29556022287999123,0.36707294176890515,0.0,0.0,H_ablation,random_geometry,7
0.7705997739213388,0.9498334437657941,0.6527796594190957,0.6055038040857236,0.14085929312283138,0.13789869102246824,0.005732117803515212,1.0,37.0,45.333333333333336,0.42804916857792924,0.999231950844854,0.0,0.0,H_ablation,overbroad_certificate,0
0.7541488655026528,0.9464454592151269,0.6298552587750578,0.53289730246252,0.18303970616466714,0.1730530831172563,0.00547943774094918,1.0,31.666666666666668,45.0,0.4587631054399468,0.9971567602002386,0.0,0.0,H_ablation,overbroad_certificate,1
0.7926977428642307,0.9792725033739446,0.667537276751935,0.6758127007022802,0.1429307523980308,0.10222035890733024,0.005760734673616282,1.0,33.666666666666664,20.666666666666668,0.5057141167245345,0.9968281059567338,0.0,0.0,H_ablation,overbroad_certificate,2
0.7321012542951321,0.9491587257954283,0.5978683889210206,0.5557204813567486,0.15338509316770185,0.15027181245058222,0.008582276903680736,1.0,34.333333333333336,41.0,0.46840623427210765,0.9980278175930349,0.0,0.0,H_ablation,overbroad_certificate,3
0.7497957963074242,0.9547219232149264,0.6174991882589955,0.5219791503867145,0.1118925831202046,0.11470086591445816,0.0017849206462989778,1.0,32.0,33.666666666666664,0.4424712608681587,0.997935928846922,0.0,0.0,H_ablation,overbroad_certificate,4
0.8006194029842925,0.9711662472261487,0.6811530589483429,0.6399132712998954,0.11880674827232363,0.12131063435754015,0.0036174288742153744,0.9761904761904763,32.333333333333336,25.666666666666668,0.47455506906614725,0.9964095775563763,0.0,0.0,H_ablation,overbroad_certificate,5
0.762141421875997,0.9340558976955159,0.6446067278717623,0.5962285487350109,0.2522013415148398,0.24710395808399435,0.006414372533352704,1.0,35.0,59.666666666666664,0.4482504498687514,0.9984639016897082,0.0,0.0,H_ablation,overbroad_certificate,6
0.7529178685807462,0.9590514404990266,0.6201920831691167,0.5094113267001226,0.14750945583183492,0.1358164813662196,0.005807699811087877,1.0,35.0,35.666666666666664,0.4599756806892808,0.9955720194191141,0.0,0.0,H_ablation,overbroad_certificate,7
0.531981136580624,0.9945159689379343,0.36384181595617976,0.12177079616671503,0.01271186440677966,0.0,0.009276033925234108,0.32314814814814813,43.666666666666664,2.6666666666666665,0.7766092920521978,0.4449581777597503,0.0,0.0,H_ablation,underbroad_certificate,0
0.5451733915124194,0.9942635658914729,0.3764847225479939,0.11978743769129108,0.00757840533109651,0.0029368575624082235,0.004684339401682104,0.3425925925925926,44.666666666666664,2.6666666666666665,0.7591824776111727,0.4535181304977704,0.0,0.0,H_ablation,underbroad_certificate,1
0.5635913349748262,0.9929595379501368,0.39430864162248885,0.19123048448603783,0.01317348662481406,0.004048582995951417,0.007529730805592875,0.32844932844932845,48.0,3.3333333333333335,0.7982206041137642,0.44088726764953096,0.0,0.0,H_ablation,underbroad_certificate,2
0.5150406023618169,0.989366505085068,0.3485841283172393,0.11683466002969896,0.02776907001044932,0.010224948875255624,0.013424474631371183,0.36262626262626263,44.333333333333336,5.333333333333333,0.8816334162994511,0.4418624334405625,0.0,0.0,H_ablation,underbroad_certificate,3
0.5291986330388126,0.988624269672683,0.3616139818563289,0.16783176237169828,0.013643341752092308,0.004878048780487805,0.008631030861794545,0.4337606837606838,47.666666666666664,5.0,0.8146848620580097,0.4530087763014212,0.0,0.0,H_ablation,underbroad_certificate,4
0.5228841565315779,0.9890559962326249,0.3563375585381479,0.11593415993970835,0.018430084682834098,0.015479667001464815,0.0053835317118049566,0.5722222222222223,41.333333333333336,5.0,0.8227379418843389,0.46138096712663085,0.0,0.0,H_ablation,underbroad_certificate,5
0.49249265918323437,0.9919156635984581,0.32814411396605614,0.1113319108332357,0.02320790991485856,0.0028368794326241137,0.01015057416568836,0.19907407407407407,45.333333333333336,3.6666666666666665,0.8310750001397483,0.4458892018791951,0.0,0.0,H_ablation,underbroad_certificate,6
0.5357600962202781,0.9835235413270095,0.36822587192510964,0.1543627773294433,0.04402339286788141,0.019131988386808605,0.011625739553441412,0.46349206349206346,49.666666666666664,8.333333333333334,0.8134756064210901,0.45174268213327307,0.0,0.0,H_ablation,underbroad_certificate,7
0.8932254125171345,0.8676182743829136,0.920509876964121,0.8683863851146612,1.0,1.0,0.0027041483418518957,1.0,0.0,189.66666666666666,0.8383623798490446,0.9944842134384618,0.0,0.0,H_ablation,no_clear_delete,0
0.8646875446293256,0.8285655569333099,0.9044237723284135,0.8105200651615307,1.0,1.0,0.0021431028551771587,1.0,0.0,242.0,0.7840428183528654,0.9922910207888102,0.0,0.0,H_ablation,no_clear_delete,1
0.8723675514045174,0.840525308042461,0.9092010475713397,0.8490917163575599,1.0,1.0,0.0009606147934678194,1.0,0.0,226.33333333333334,0.8041601380198067,0.9958460512284102,0.0,0.0,H_ablation,no_clear_delete,2
0.8788348036545587,0.8351465263249844,0.9280193711969714,0.868848157379602,1.0,1.0,0.0031221845463331537,1.0,0.0,237.33333333333334,0.783779529842203,0.9948081133034736,0.0,0.0,H_ablation,no_clear_delete,3
0.8852880314415058,0.8524909173915046,0.9215364163453966,0.877920028571423,1.0,1.0,0.002026361172702636,1.0,0.0,211.0,0.8237684574561651,0.9950424043493967,0.0,0.0,H_ablation,no_clear_delete,4
0.8817254237124388,0.8553805997144469,0.9113852766183413,0.8445935285771488,1.0,1.0,0.0,1.0,0.0,206.0,0.8182416297090502,0.9964068462380862,0.0,0.0,H_ablation,no_clear_delete,5
0.8668447272700887,0.8271208166898315,0.9113376052220388,0.8774611346627781,1.0,1.0,0.0024691358024691358,1.0,0.0,246.66666666666666,0.8155412202982556,0.9942824894918582,0.0,0.0,H_ablation,no_clear_delete,6
0.8874830048021193,0.8790743090296272,0.8972465210871915,0.7892435753868269,0.8897742363877822,0.8482758620689655,0.001366120218579235,1.0,0.0,164.33333333333334,0.8417657045840407,0.9906943749516032,0.0,0.0,H_ablation,no_clear_delete,7
0.9012995658275366,0.970192330600217,0.8417042756156241,0.6926858778569637,0.18789859869800285,0.18136850378229688,0.003248424660658547,1.0,3.6666666666666665,33.666666666666664,0.42413794659120535,0.9965402889056113,0.0,0.0,H_ablation,external_as_self,0
0.9015115403689569,0.932657144855245,0.8729650526947651,0.7594266262255629,0.26208731823162235,0.292372234935164,0.0021929824561403508,1.0,5.666666666666667,75.0,0.43103938749498677,0.9991749174917492,0.0,0.0,H_ablation,external_as_self,1
0.9174026037532244,0.9540736557985987,0.8835703843790611,0.7886183521368086,0.2722283679349869,0.25099182934915765,0.0011695906432748538,1.0,5.0,55.333333333333336,0.4330929799764001,0.9979810086965787,0.0,0.0,H_ablation,external_as_self,2
0.9225356662654729,0.9418926301514986,0.9042282185150885,0.8283756357424182,0.2851963993227324,0.2802405950370201,0.002026342451874367,1.0,4.666666666666667,72.0,0.4062332414277221,0.9985412107950401,0.0,0.0,H_ablation,external_as_self,3
0.9462660636997344,0.9630815142482412,0.9303744742046138,0.8967531493847284,0.16211658792870384,0.08690568653488003,0.0041159872890642124,1.0,5.333333333333333,44.0,0.4343278861360042,0.9978626441784336,0.0,0.0,H_ablation,external_as_self,4
0.9430850597601351,0.9793311041154653,0.9097921337337874,0.8555917610557153,0.15049932188591017,0.17040079057513677,0.0,1.0,3.6666666666666665,26.0,0.4279497468600679,0.9986801635195639,0.0,0.0,H_ablation,external_as_self,5
0.9316380730753927,0.9751981125259368,0.8918980004827706,0.8030421421132165,0.16157810079049004,0.12067505365176329,0.0011990407673860913,1.0,4.333333333333333,30.666666666666668,0.45427161030994734,0.9993346640053226,0.0,0.0,H_ablation,external_as_self,6
0.9099148946585337,0.9682699564038707,0.861618986904667,0.7524432568853511,0.16406986180250235,0.17089145207439196,0.0010857763300760044,1.0,3.3333333333333335,37.666666666666664,0.45483296832201753,0.9993993993993994,0.0,0.0,H_ablation,external_as_self,7
0.6429233349686678,0.99084379713022,0.4768348586298739,0.4272069617735208,0.0384783798576902,0.017097329888027563,0.0038815370661438703,1.0,39.333333333333336,6.0,1.0,1.0,0.0,0.0,H_ablation,oracle_visibility,0
0.6766834052259525,0.9895549218934169,0.5155512627509147,0.46603229665476126,0.03134036584817413,0.024428246496436826,0.007844468963353909,1.0,37.333333333333336,7.0,1.0,1.0,0.0,0.0,H_ablation,oracle_visibility,1
0.5970542432683033,0.9956989247311828,0.4264097999497231,0.3641125601743119,0.004705882352941177,0.0028735632183908046,0.007655255443203574,1.0,44.0,2.0,1.0,1.0,0.0,0.0,H_ablation,oracle_visibility,2
0.6853538792416098,0.9948865025900977,0.5250894151763267,0.4797784765370486,0.014444725880896092,0.0012437810945273632,0.00679010337010402,1.0,42.333333333333336,3.3333333333333335,1.0,1.0,0.0,0.0,H_ablation,oracle_visibility,3
0.6548772578864164,0.9890228365966783,0.4895640864492372,0.4294179824172168,0.04547074475913911,0.026737213403880068,0.004934585266995239,1.0,38.0,7.333333333333333,1.0,1.0,0.0,0.0,H_ablation,oracle_visibility,4
0.6317389463647903,0.9909987746531149,0.46515072383062606,0.42803167874155146,0.03514368293129355,0.020759764579989296,0.00902625428370686,1.0,41.333333333333336,5.666666666666667,1.0,1.0,0.0,0.0,H_ablation,oracle_visibility,5
0.6483823941968047,0.9910944560043126,0.4822623998059814,0.4704062385274645,0.020859027064063035,0.01393601979498056,0.00852868442353901,1.0,37.333333333333336,5.666666666666667,1.0,1.0,0.0,0.0,H_ablation,oracle_visibility,6
0.6232538765454798,0.9928650442962871,0.454374045973873,0.3606539508565855,0.018712992047676413,0.022025203328181833,0.005438873279133972,1.0,40.666666666666664,4.333333333333333,1.0,1.0,0.0,0.0,H_ablation,oracle_visibility,7
